TAZ_2000,lat,long
1,45.3990062000,-93.4318780000
2,45.3990537000,-93.3111080000
3,45.3567733000,-93.4495880000
4,45.3125694000,-93.4845550000
5,45.3463338000,-93.3767470000
6,45.3147190000,-93.4240210000
7,45.3317837000,-93.3579290000
8,45.3091124000,-93.3058420000
9,45.3524632000,-93.3068300000
10,45.3267015000,-93.2507600000
11,45.3845798000,-93.2499830000
12,45.3905120000,-93.1874590000
13,45.3433433000,-93.1917830000
14,45.3089329000,-93.1873950000
15,45.3694608000,-93.0811840000
16,45.3064700000,-93.0810270000
17,45.2564171000,-93.0925020000
18,45.2303567000,-93.0527210000
19,45.2409966000,-93.1503370000
20,45.2170337000,-93.1932610000
21,45.2444784000,-93.1967320000
22,45.2234383000,-93.2495580000
23,45.2506201000,-93.2499850000
24,45.2822121000,-93.1910630000
25,45.2820543000,-93.2499220000
26,45.2803457000,-93.3060810000
27,45.2480333000,-93.2856350000
28,45.2226051000,-93.2860320000
29,45.2292217000,-93.3152570000
30,45.2425942000,-93.3321250000
31,45.2078772000,-93.3178180000
32,45.2093016000,-93.3358520000
33,45.2113804000,-93.3500820000
34,45.2148073000,-93.3688350000
35,45.2410194000,-93.3631180000
36,45.2768160000,-93.3645990000
37,45.2701759000,-93.3916130000
38,45.2366277000,-93.3849920000
39,45.2776075000,-93.4000410000
40,45.2719744000,-93.4281080000
41,45.2862232000,-93.4785680000
42,45.2561561000,-93.4897640000
43,45.2562456000,-93.4570710000
44,45.2298524000,-93.4705800000
45,45.2366466000,-93.4389600000
46,45.2332211000,-93.4172730000
47,45.2415295000,-93.4064540000
48,45.2414612000,-93.3944360000
49,45.2167216000,-93.4016930000
50,45.2031545000,-93.4072630000
51,45.2028405000,-93.3933480000
52,45.2174341000,-93.3833730000
53,45.2010482000,-93.3839800000
54,45.2009387000,-93.3680020000
55,45.1911128000,-93.3702290000
56,45.1896350000,-93.3827350000
57,45.1793304000,-93.3645850000
58,45.1839006000,-93.3512650000
59,45.2003222000,-93.3510810000
60,45.1922411000,-93.3455960000
61,45.1918321000,-93.3210330000
62,45.1861976000,-93.3304850000
63,45.1741520000,-93.3269160000
64,45.1621495000,-93.3349790000
65,45.1664084000,-93.3056250000
66,45.1719094000,-93.2888710000
67,45.1604412000,-93.2708260000
68,45.1523847000,-93.2846680000
69,45.1454369000,-93.3048880000
70,45.1432308000,-93.2876700000
71,45.1275767000,-93.2916210000
72,45.1319158000,-93.2784410000
73,45.1870983000,-93.2851260000
74,45.2043746000,-93.2862250000
75,45.2043022000,-93.2501730000
76,45.2041842000,-93.1984610000
77,45.1879623000,-93.1529250000
78,45.1832355000,-93.1868810000
79,45.1810030000,-93.2216140000
80,45.1898918000,-93.2502640000
81,45.1753983000,-93.2503320000
82,45.1590880000,-93.2504830000
83,45.1442712000,-93.2492210000
84,45.1475026000,-93.2211890000
85,45.1593332000,-93.1890240000
86,45.1374752000,-93.1970100000
87,45.1280341000,-93.2270590000
88,45.1331819000,-93.2521850000
89,45.1282891000,-93.2622870000
90,45.1553933000,-93.1527790000
91,45.1481774000,-93.1708740000
92,45.1367575000,-93.1795330000
93,45.1301327000,-93.1726540000
94,45.1364545000,-93.1509640000
95,45.1622931000,-93.0958800000
96,45.1644653000,-93.1313040000
97,45.1998688000,-93.0781870000
98,45.1806436000,-93.0446920000
99,45.1396979000,-93.0297090000
100,45.1129675000,-93.2350490000
101,45.1213311000,-93.2314710000
102,45.1168421000,-93.2517640000
103,45.1163096000,-93.2700370000
104,45.1063969000,-93.2789070000
105,45.0987419000,-93.2666870000
106,45.1041704000,-93.2535320000
107,45.1040127000,-93.2356940000
108,45.0956285000,-93.2349050000
109,45.0967570000,-93.2542590000
110,45.0888035000,-93.2364550000
111,45.0899237000,-93.2525540000
112,45.0799391000,-93.2751580000
113,45.0606523000,-93.2779950000
114,45.0434247000,-93.2774410000
115,45.0793322000,-93.2670630000
116,45.0777623000,-93.2540410000
117,45.0755581000,-93.2360370000
118,45.0600243000,-93.2676840000
119,45.0628450000,-93.2553990000
120,45.0614155000,-93.2374500000
121,45.0435415000,-93.2681800000
122,45.0527652000,-93.2551980000
123,45.0418879000,-93.2551160000
124,45.0460374000,-93.2371940000
125,44.9349083000,-93.9511250000
126,44.9345232000,-93.8287820000
127,44.8479922000,-93.9489240000
128,44.8474487000,-93.8278170000
129,44.7607852000,-93.9493280000
130,44.7606849000,-93.8282490000
131,44.7902585000,-93.7052530000
132,44.7476010000,-93.7074360000
133,44.6953279000,-93.8283980000
134,44.8349798000,-93.7423860000
135,44.8704104000,-93.6544070000
136,44.8747102000,-93.6072790000
137,44.8756246000,-93.5821500000
138,44.8756812000,-93.5615490000
139,44.8726313000,-93.5383510000
140,44.8824636000,-93.5282280000
141,44.8516590000,-93.5371360000
142,44.8525700000,-93.5656220000
143,44.8564957000,-93.5875510000
144,44.8258874000,-93.5294150000
145,44.8166005000,-93.5514520000
146,44.8343992000,-93.5632410000
147,44.8306690000,-93.5869620000
148,44.8414985000,-93.6223550000
149,44.8075276000,-93.6393850000
150,44.8225120000,-93.6152620000
151,44.8088507000,-93.5863970000
152,44.8037091000,-93.6111820000
153,44.7928184000,-93.5843960000
154,44.7809509000,-93.6056210000
155,44.7883218000,-93.6219080000
156,44.7591976000,-93.6273510000
157,44.5076951000,-93.2209190000
158,44.5872876000,-93.2176650000
159,44.5868015000,-93.0959670000
160,44.5075487000,-93.1000060000
161,44.5598081000,-92.9924850000
162,44.5941643000,-92.9470850000
163,44.5865885000,-92.8532220000
164,44.6831731000,-92.7672000000
165,44.6721505000,-92.8223440000
166,44.6726541000,-92.8837890000
167,44.6728712000,-92.9733530000
168,44.6447125000,-93.0824270000
169,44.6864320000,-93.0984660000
170,44.6368844000,-93.1442380000
171,44.6482570000,-93.1812720000
172,44.6763344000,-93.1930120000
173,44.7007093000,-93.1816140000
174,44.7101839000,-93.2046450000
175,44.7051143000,-93.2282090000
176,44.6737725000,-93.2297110000
177,44.6510490000,-93.2275920000
178,44.6373790000,-93.2324310000
179,44.6469103000,-93.2772330000
180,44.6568505000,-93.3067300000
181,44.6703587000,-93.2694880000
182,44.6884956000,-93.2751690000
183,44.6989196000,-93.3052120000
184,44.7107743000,-93.2894910000
185,44.7064193000,-93.2716630000
186,44.7259272000,-93.2666530000
187,44.7243955000,-93.2903250000
188,44.7300308000,-93.3145860000
189,44.7426638000,-93.3087370000
190,44.7577698000,-93.3157920000
191,44.7584408000,-93.2953050000
192,44.7488341000,-93.2918190000
193,44.7422538000,-93.2926600000
194,44.7346623000,-93.2905320000
195,44.7370380000,-93.2685890000
196,44.7453445000,-93.2581140000
197,44.7499605000,-93.2726030000
198,44.7477975000,-93.2811980000
199,44.7620206000,-93.2830060000
200,44.7649259000,-93.2632460000
201,44.7774447000,-93.2383800000
202,44.7779318000,-93.2656170000
203,44.7694105000,-93.2976600000
204,44.7724878000,-93.3198300000
205,44.7848621000,-93.3069370000
206,44.7923231000,-93.2774300000
207,44.7870972000,-93.2580620000
208,44.7956037000,-93.2328180000
209,44.8060949000,-93.2445150000
210,44.7246186000,-93.1871930000
211,44.7391333000,-93.1718150000
212,44.7391514000,-93.2024510000
213,44.7246265000,-93.2331600000
214,44.7401148000,-93.2341130000
215,44.7519505000,-93.2289780000
216,44.7635174000,-93.2301800000
217,44.7681895000,-93.2121210000
218,44.7685492000,-93.1973090000
219,44.7537259000,-93.2017220000
220,44.7611120000,-93.1717800000
221,44.7248766000,-93.1441220000
222,44.7547714000,-93.1400240000
223,44.7559022000,-93.0907730000
224,44.7279224000,-93.0824680000
225,44.7580698000,-93.0452120000
226,44.7570985000,-93.0053240000
227,44.7258555000,-93.0094110000
228,44.7576791000,-92.9240910000
229,44.7280340000,-92.9325150000
230,44.7263194000,-92.8696700000
231,44.7463667000,-92.8714280000
232,44.7399802000,-92.8296700000
233,44.7226888000,-92.8359040000
234,44.7934053000,-93.2237850000
235,44.7862346000,-93.2130680000
236,44.7825971000,-93.1888360000
237,44.7902242000,-93.1365300000
238,44.8118464000,-93.1264630000
239,44.8119872000,-93.1569410000
240,44.8130671000,-93.1743630000
241,44.7969899000,-93.1817570000
242,44.7980221000,-93.2087650000
243,44.8139041000,-93.2047090000
244,44.8292611000,-93.2118050000
245,44.8224518000,-93.1836750000
246,44.8262768000,-93.1570940000
247,44.8259176000,-93.1289770000
248,44.8359089000,-93.1121230000
249,44.8461745000,-93.1139120000
250,44.8402134000,-93.1335740000
251,44.8397052000,-93.1534360000
252,44.8421064000,-93.1626580000
253,44.8403073000,-93.1772510000
254,44.8494436000,-93.1927880000
255,44.8540902000,-93.1734660000
256,44.8553947000,-93.1575210000
257,44.8517556000,-93.1405030000
258,44.8588240000,-93.1360530000
259,44.8552678000,-93.1176420000
260,44.8723981000,-93.0950430000
261,44.8798301000,-93.0727990000
262,44.8788766000,-93.0534520000
263,44.8700391000,-93.0530400000
264,44.8712129000,-93.0695870000
265,44.8562282000,-93.0937730000
266,44.8575472000,-93.0725450000
267,44.8567038000,-93.0520310000
268,44.8556499000,-93.0392750000
269,44.8556801000,-93.0247220000
270,44.8524132000,-93.0151590000
271,44.8160469000,-93.0212950000
272,44.8411088000,-93.0315170000
273,44.8408854000,-93.0507550000
274,44.8241848000,-93.0387500000
275,44.8298695000,-93.0518400000
276,44.8389432000,-93.0715690000
277,44.8422606000,-93.0940480000
278,44.8238297000,-93.0960760000
279,44.8155403000,-93.0714430000
280,44.7914439000,-93.0876770000
281,44.7953454000,-93.0510150000
282,44.7878986000,-93.0276260000
283,44.8655720000,-93.0343480000
284,44.8732243000,-93.0206660000
285,44.8894730000,-93.0284460000
286,44.8822859000,-93.0369040000
287,44.8843805000,-93.0497320000
288,44.8947698000,-93.0520670000
289,44.9132065000,-93.0501260000
290,44.9086082000,-93.0574630000
291,44.9159893000,-93.0722860000
292,44.9070308000,-93.0729770000
293,44.8923405000,-93.0730060000
294,44.8906888000,-93.0932220000
295,44.9052597000,-93.0932550000
296,44.9165706000,-93.0932450000
297,44.8908031000,-93.1483560000
298,44.9134283000,-93.1254190000
299,44.8902169000,-93.1132090000
300,44.8909825000,-93.1267460000
301,44.8725641000,-93.1168730000
302,44.8731292000,-93.1354650000
303,44.8754187000,-93.1519880000
304,44.8699903000,-93.1654750000
305,44.8712961000,-93.1826420000
306,44.9060624000,-93.1173720000
307,44.8884347000,-93.1947930000
308,44.8820547000,-93.2090740000
309,44.8704252000,-93.2184430000
310,44.8778785000,-93.2394260000
311,44.9044403000,-93.1974170000
312,44.9019284000,-93.2046720000
313,44.8942505000,-93.2263420000
314,44.9068651000,-93.2153620000
315,44.9078395000,-93.2274140000
316,44.9066558000,-93.2398010000
317,44.8983596000,-93.2612500000
318,44.9087893000,-93.2608220000
319,44.9163799000,-93.2557580000
320,44.9154621000,-93.2688050000
321,44.9135505000,-93.2813810000
322,44.9144419000,-93.2936170000
323,44.9026676000,-93.2816160000
324,44.8938081000,-93.2838560000
325,44.9005561000,-93.2992260000
326,44.8985307000,-93.3134500000
327,44.9076242000,-93.3242800000
328,44.9178126000,-93.3236770000
329,44.9097826000,-93.3111760000
330,44.9170334000,-93.3099290000
331,44.9293867000,-93.3172250000
332,44.9419431000,-93.3208230000
333,44.9435159000,-93.3056700000
334,44.9439426000,-93.2930630000
335,44.9293895000,-93.2971080000
336,44.9332000000,-93.2813630000
337,44.9439493000,-93.2813160000
338,44.9439544000,-93.2685860000
339,44.9332414000,-93.2685720000
340,44.9232617000,-93.2813840000
341,44.9233251000,-93.2685660000
342,44.9233447000,-93.2548620000
343,44.9332706000,-93.2548510000
344,44.9439748000,-93.2548920000
345,44.9435870000,-93.2410730000
346,44.9368360000,-93.2395880000
347,44.9252423000,-93.2396460000
348,44.9216876000,-93.2253130000
349,44.9309584000,-93.2290880000
350,44.9225921000,-93.2105380000
351,44.9306791000,-93.2130600000
352,44.9412287000,-93.2078290000
353,44.9418670000,-93.2244260000
354,44.9539140000,-93.2178670000
355,44.9609935000,-93.2152590000
356,44.9665363000,-93.2133810000
357,44.9736223000,-93.2145840000
358,44.9792795000,-93.2275840000
359,44.9767985000,-93.2354270000
360,44.9708022000,-93.2283110000
361,44.9748287000,-93.2443790000
362,44.9684068000,-93.2369330000
363,44.9664024000,-93.2421880000
364,44.9570700000,-93.2303130000
365,44.9584211000,-93.2404870000
366,44.9687309000,-93.2502960000
367,44.9602128000,-93.2546880000
368,44.9516962000,-93.2464090000
369,44.9519552000,-93.2574060000
370,44.9606329000,-93.2660920000
371,44.9609321000,-93.2745290000
372,44.9516798000,-93.2678450000
373,44.9521378000,-93.2804200000
374,44.9603018000,-93.2836210000
375,44.9548290000,-93.2920690000
376,44.9608041000,-93.2978750000
377,44.9575842000,-93.3098690000
378,44.9612326000,-93.3213160000
379,44.9760222000,-93.3166820000
380,44.9757939000,-93.2993320000
381,44.9710380000,-93.2920730000
382,44.9823339000,-93.2971670000
383,44.9880767000,-93.2978300000
384,44.9915163000,-93.3133680000
385,45.0039044000,-93.3142290000
386,44.9960401000,-93.3024930000
387,44.9956624000,-93.2895130000
388,44.9858055000,-93.2820910000
389,44.9873130000,-93.2786030000
390,44.9894364000,-93.2735440000
391,44.9851121000,-93.2685520000
392,44.9827270000,-93.2645650000
393,44.9810604000,-93.2732940000
394,44.9819609000,-93.2839230000
395,44.9773053000,-93.2836850000
396,44.9741936000,-93.2846160000
397,44.9708675000,-93.2827680000
398,44.9665421000,-93.2841840000
399,44.9691012000,-93.2762100000
400,44.9753042000,-93.2770230000
401,44.9774445000,-93.2780610000
402,44.9739328000,-93.2729220000
403,44.9686124000,-93.2711220000
404,44.9675406000,-93.2663090000
405,44.9717191000,-93.2662590000
406,44.9747041000,-93.2638150000
407,44.9774982000,-93.2704240000
408,44.9797334000,-93.2679870000
409,44.9771392000,-93.2617170000
410,44.9684195000,-93.2587570000
411,44.9730340000,-93.2553450000
412,44.9785272000,-93.2542830000
413,44.9824326000,-93.2511990000
414,44.9878151000,-93.2451110000
415,44.9834576000,-93.2368430000
416,44.9803447000,-93.2160450000
417,44.9866209000,-93.2106020000
418,44.9907054000,-93.2266060000
419,44.9860108000,-93.2253270000
420,44.9956463000,-93.2166230000
421,45.0014245000,-93.2157590000
422,44.9980154000,-93.2312120000
423,44.9945017000,-93.2437210000
424,44.9946822000,-93.2549150000
425,44.9873118000,-93.2629870000
426,44.9912160000,-93.2629170000
427,44.9966637000,-93.2694090000
428,44.9953507000,-93.2788000000
429,45.0100137000,-93.3117870000
430,45.0223772000,-93.3133990000
431,45.0277472000,-93.3019140000
432,45.0186843000,-93.3018800000
433,45.0067159000,-93.3015900000
434,45.0061325000,-93.2892590000
435,45.0183893000,-93.2860210000
436,45.0275784000,-93.2879850000
437,45.0240002000,-93.2728010000
438,45.0302232000,-93.2666650000
439,45.0062064000,-93.2786430000
440,45.0058838000,-93.2687440000
441,45.0059034000,-93.2552310000
442,45.0243333000,-93.2552290000
443,45.0244113000,-93.2370310000
444,45.0067801000,-93.2379350000
445,45.0139964000,-93.2230840000
446,45.0272382000,-93.2223770000
447,45.0279596000,-93.2133640000
448,45.0140255000,-93.2109010000
449,45.0069090000,-93.2195070000
450,45.0455346000,-93.3085390000
451,45.0353724000,-93.3064210000
452,45.0429632000,-93.2896540000
453,44.8880775000,-93.2561340000
454,44.8777314000,-93.2582970000
455,44.8672732000,-93.2568090000
456,44.8663153000,-93.2731370000
457,44.8772501000,-93.2729950000
458,44.8870973000,-93.2728280000
459,44.8870473000,-93.2827710000
460,44.8770121000,-93.2831260000
461,44.8663708000,-93.2832350000
462,44.8689892000,-93.2935800000
463,44.8831357000,-93.2919110000
464,44.8870757000,-93.3022140000
465,44.8775549000,-93.3029830000
466,44.8662973000,-93.3037160000
467,44.8709599000,-93.3135860000
468,44.8800140000,-93.3135740000
469,44.8871550000,-93.3136100000
470,44.8636074000,-93.3137980000
471,44.8468443000,-93.2218360000
472,44.8575291000,-93.2310900000
473,44.8531934000,-93.2429480000
474,44.8550396000,-93.2526270000
475,44.8406656000,-93.2526400000
476,44.8232404000,-93.2512670000
477,44.8161601000,-93.2793440000
478,44.8375199000,-93.2631670000
479,44.8335046000,-93.2732370000
480,44.8478537000,-93.2732170000
481,44.8549625000,-93.2629850000
482,44.8583979000,-93.2731000000
483,44.8584682000,-93.2833270000
484,44.8584928000,-93.2933220000
485,44.8479044000,-93.2933320000
486,44.8478975000,-93.2833720000
487,44.8335176000,-93.2833780000
488,44.8350058000,-93.2920980000
489,44.8176324000,-93.3008880000
490,44.8033356000,-93.3062400000
491,44.7982704000,-93.3408620000
492,44.8171249000,-93.3398950000
493,44.8203131000,-93.3181100000
494,44.8335536000,-93.3412180000
495,44.8337740000,-93.3190210000
496,44.8298171000,-93.3007070000
497,44.8369612000,-93.3027860000
498,44.8480119000,-93.3034710000
499,44.8585391000,-93.3034010000
500,44.8593824000,-93.3189820000
501,44.8495691000,-93.3183910000
502,44.8550442000,-93.3396970000
503,44.8456750000,-93.3376420000
504,44.8560185000,-93.3560600000
505,44.8500918000,-93.3814090000
506,44.8399958000,-93.3564870000
507,44.8284155000,-93.3868690000
508,44.8286297000,-93.3698720000
509,44.8183715000,-93.3929840000
510,44.8001980000,-93.3763560000
511,44.8171543000,-93.3571580000
512,44.8627829000,-93.3241420000
513,44.8709679000,-93.3237200000
514,44.8800290000,-93.3237600000
515,44.8865673000,-93.3230600000
516,44.8961529000,-93.3237220000
517,44.8625490000,-93.3382280000
518,44.8712669000,-93.3404220000
519,44.8819798000,-93.3398780000
520,44.8930938000,-93.3394380000
521,44.9055182000,-93.3390150000
522,44.9163459000,-93.3388180000
523,44.9275860000,-93.3384720000
524,44.9122842000,-93.3687210000
525,44.9027063000,-93.3569240000
526,44.8944601000,-93.3761520000
527,44.9149018000,-93.3921430000
528,44.8990105000,-93.3920640000
529,44.8805638000,-93.3902040000
530,44.8848233000,-93.3775520000
531,44.8928608000,-93.3598140000
532,44.8821558000,-93.3600980000
533,44.8694798000,-93.3569250000
534,44.8613372000,-93.3553600000
535,44.8611620000,-93.3691290000
536,44.8709722000,-93.3720670000
537,44.8659189000,-93.3875000000
538,44.8159382000,-93.4306900000
539,44.8334115000,-93.4188290000
540,44.8461855000,-93.4148440000
541,44.8557010000,-93.4081890000
542,44.8647277000,-93.4069680000
543,44.8740288000,-93.4105870000
544,44.8822006000,-93.4032290000
545,44.8879727000,-93.4144950000
546,44.8799942000,-93.4273640000
547,44.8756457000,-93.4438180000
548,44.8567781000,-93.4718970000
549,44.8889850000,-93.4542800000
550,44.8646195000,-93.4462130000
551,44.8541267000,-93.4461840000
552,44.8601716000,-93.4317750000
553,44.8557593000,-93.4245750000
554,44.8397903000,-93.4543900000
555,44.8270452000,-93.4853870000
556,44.8121050000,-93.4922190000
557,44.8413884000,-93.5032310000
558,44.8559772000,-93.5016620000
559,44.8473612000,-93.4716060000
560,44.8657705000,-93.4645190000
561,44.8670539000,-93.4985450000
562,44.8778475000,-93.4563020000
563,44.8792977000,-93.4727000000
564,44.8827284000,-93.4995890000
565,44.9412602000,-93.4106090000
566,44.9270705000,-93.4244780000
567,44.9270623000,-93.4137010000
568,44.9290379000,-93.4023800000
569,44.9294753000,-93.3923380000
570,44.9173146000,-93.4194160000
571,44.9120098000,-93.4116430000
572,44.9239985000,-93.3657210000
573,44.9293279000,-93.3739210000
574,44.9336807000,-93.3780490000
575,44.9370513000,-93.3897670000
576,44.9434163000,-93.3906410000
577,44.9430848000,-93.3756770000
578,44.9449740000,-93.3629580000
579,44.9426988000,-93.3545760000
580,44.9323561000,-93.3622900000
581,44.9357967000,-93.3539580000
582,44.9377007000,-93.3442640000
583,44.9417942000,-93.3346000000
584,44.9468183000,-93.3412910000
585,44.9556948000,-93.3375120000
586,44.9666809000,-93.3363710000
587,44.9665063000,-93.3460010000
588,44.9647842000,-93.3542880000
589,44.9647052000,-93.3651580000
590,44.9545618000,-93.3576340000
591,44.9516901000,-93.3829060000
592,44.9631441000,-93.3761970000
593,44.9631002000,-93.3913020000
594,44.8990512000,-93.4118570000
595,44.9011481000,-93.4341270000
596,44.8998592000,-93.4554960000
597,44.9139709000,-93.4396360000
598,44.9153545000,-93.4598600000
599,44.9115486000,-93.4750320000
600,44.8976099000,-93.4751370000
601,44.8978136000,-93.4935620000
602,44.9019649000,-93.5126320000
603,44.9112451000,-93.4915760000
604,44.9174440000,-93.5144040000
605,44.9244402000,-93.4933590000
606,44.9313428000,-93.5107890000
607,44.9365084000,-93.4935770000
608,44.9291634000,-93.4756510000
609,44.9306385000,-93.4605470000
610,44.9228972000,-93.4395220000
611,44.9334234000,-93.4440350000
612,44.9387515000,-93.4289350000
613,44.9544444000,-93.4313160000
614,44.9610971000,-93.4106190000
615,44.9681051000,-93.4339130000
616,44.9674168000,-93.4516680000
617,44.9532982000,-93.4504190000
618,44.9629271000,-93.4743790000
619,44.9531567000,-93.4805240000
620,44.9448660000,-93.4827870000
621,44.9566880000,-93.5116530000
622,44.9020276000,-93.5700060000
623,44.8955872000,-93.5584520000
624,44.8998416000,-93.5338690000
625,44.9178110000,-93.5464840000
626,44.9448502000,-93.5281560000
627,44.9354814000,-93.5760860000
628,44.9139715000,-93.5845060000
629,44.9027018000,-93.6119510000
630,44.9262289000,-93.6112370000
631,44.9423541000,-93.6307020000
632,44.9189765000,-93.6441760000
633,44.9067427000,-93.6661250000
634,44.9323638000,-93.6508660000
635,44.9581792000,-93.6561530000
636,44.9606334000,-93.7135130000
637,44.9185080000,-93.7239120000
638,45.0214494000,-93.7061930000
639,45.0320418000,-93.6155380000
640,45.0573555000,-93.5527890000
641,45.0321041000,-93.5553500000
642,45.0071102000,-93.5538400000
643,44.9635792000,-93.5592040000
644,44.9709391000,-93.6245670000
645,44.9908209000,-93.5492450000
646,44.9677191000,-93.5896940000
647,44.9938075000,-93.6029350000
648,44.9696757000,-93.5329960000
649,44.9741264000,-93.5082590000
650,44.9696096000,-93.5075480000
651,44.9855659000,-93.5118530000
652,44.9841742000,-93.4963530000
653,44.9755251000,-93.4765520000
654,44.9754569000,-93.4640470000
655,44.9769351000,-93.4541390000
656,44.9774766000,-93.4338700000
657,44.9787920000,-93.4116470000
658,44.9943863000,-93.4129080000
659,45.0113151000,-93.4099330000
660,45.0048483000,-93.4335290000
661,44.9889061000,-93.4396950000
662,44.9906453000,-93.4553310000
663,45.0025599000,-93.4514270000
664,45.0049846000,-93.4646970000
665,44.9899621000,-93.4670010000
666,44.9856986000,-93.4833460000
667,45.0068767000,-93.4769030000
668,45.0072904000,-93.4869170000
669,45.0066922000,-93.4984160000
670,45.0037775000,-93.5139430000
671,45.0258523000,-93.5152940000
672,45.0218376000,-93.5017130000
673,45.0344347000,-93.4962910000
674,45.0547528000,-93.5018550000
675,45.0548571000,-93.4664890000
676,45.0360964000,-93.4674830000
677,45.0219320000,-93.4702910000
678,45.0216280000,-93.4579160000
679,45.0190222000,-93.4496080000
680,45.0242550000,-93.4311060000
681,45.0379948000,-93.4372540000
682,45.0526324000,-93.4375360000
683,45.0631749000,-93.4449240000
684,45.0624336000,-93.4185570000
685,45.0517786000,-93.4101980000
686,45.0392768000,-93.4114800000
687,45.0275806000,-93.4107790000
688,45.0147468000,-93.3958720000
689,45.0146729000,-93.3854920000
690,44.9999734000,-93.3907100000
691,44.9881155000,-93.3957830000
692,44.9885711000,-93.3852190000
693,44.9788678000,-93.3901440000
694,44.9793169000,-93.3642520000
695,44.9729164000,-93.3722200000
696,44.9733381000,-93.3506960000
697,44.9921138000,-93.3548470000
698,44.9860880000,-93.3683810000
699,44.9954313000,-93.3725540000
700,45.0032712000,-93.3663050000
701,45.0146214000,-93.3702440000
702,44.9737839000,-93.3349440000
703,44.9808224000,-93.3331190000
704,44.9920020000,-93.3335670000
705,45.0107068000,-93.3253860000
706,45.0092862000,-93.3400230000
707,45.0106798000,-93.3547210000
708,45.0262512000,-93.3396510000
709,45.0281785000,-93.3254600000
710,45.0270042000,-93.3539110000
711,45.0273803000,-93.3701520000
712,45.0274762000,-93.3853490000
713,45.0276717000,-93.3956100000
714,45.0386271000,-93.3955870000
715,45.0383897000,-93.3853410000
716,45.0510100000,-93.3956810000
717,45.0502426000,-93.3856310000
718,45.0490418000,-93.3708300000
719,45.0383285000,-93.3701580000
720,45.0385831000,-93.3540130000
721,45.0406659000,-93.3282100000
722,45.0511965000,-93.3321450000
723,45.0480663000,-93.3455080000
724,45.0471995000,-93.3541350000
725,45.0604412000,-93.3509600000
726,45.0606119000,-93.3668210000
727,45.0601911000,-93.3799450000
728,45.0619305000,-93.3956730000
729,45.0826301000,-93.3477620000
730,45.0686223000,-93.3376030000
731,45.0689197000,-93.3237500000
732,45.0567308000,-93.3186580000
733,45.0588869000,-93.2966520000
734,45.0648587000,-93.3060990000
735,45.0670072000,-93.3146260000
736,45.0757113000,-93.3079630000
737,45.0777224000,-93.3260610000
738,45.0837350000,-93.3203820000
739,45.0783875000,-93.2934340000
740,45.0791481000,-93.2833780000
741,45.0999966000,-93.2880870000
742,45.0911050000,-93.3040260000
743,45.0928790000,-93.3348400000
744,45.1011824000,-93.3086920000
745,45.1036921000,-93.3310660000
746,45.1148430000,-93.3220120000
747,45.1166844000,-93.2979820000
748,45.1335283000,-93.3111010000
749,45.1301082000,-93.3353280000
750,45.1429083000,-93.3380860000
751,45.1396845000,-93.3697600000
752,45.1413569000,-93.3867250000
753,45.1411315000,-93.3968820000
754,45.1268180000,-93.3960020000
755,45.1263563000,-93.3750120000
756,45.1177713000,-93.3473390000
757,45.1161021000,-93.3665670000
758,45.1028674000,-93.3492810000
759,45.1016985000,-93.3665900000
760,45.1159283000,-93.3835850000
761,45.1025619000,-93.3832230000
762,45.0987411000,-93.3943060000
763,45.0880303000,-93.3967590000
764,45.0855004000,-93.3849880000
765,45.0905007000,-93.3791330000
766,45.0860071000,-93.3659310000
767,45.0717348000,-93.3603020000
768,45.0718618000,-93.3804610000
769,45.0736385000,-93.3964730000
770,45.1075938000,-93.3987850000
771,45.1171777000,-93.3954970000
772,45.1256705000,-93.4162180000
773,45.1143884000,-93.4131010000
774,45.1413391000,-93.4118180000
775,45.1424206000,-93.4403060000
776,45.1287868000,-93.4499620000
777,45.1137821000,-93.4368530000
778,45.0905266000,-93.4146890000
779,45.0763583000,-93.4170800000
780,45.0785742000,-93.4392940000
781,45.0820740000,-93.4612750000
782,45.0740417000,-93.4919510000
783,45.0990828000,-93.4993560000
784,45.1184383000,-93.4952850000
785,45.0950479000,-93.4588190000
786,45.0984432000,-93.4419910000
787,45.1161128000,-93.4639980000
788,45.1314138000,-93.4752890000
789,45.1454635000,-93.4803480000
790,45.1394562000,-93.5075350000
791,45.1572208000,-93.3530440000
792,45.1592037000,-93.3447090000
793,45.1779230000,-93.3737200000
794,45.1722134000,-93.3789790000
795,45.1590906000,-93.3760660000
796,45.1676250000,-93.4064970000
797,45.1915741000,-93.4112810000
798,45.1979381000,-93.4436170000
799,45.1702268000,-93.4419620000
800,45.1812901000,-93.4919970000
801,45.2207450000,-93.4847390000
802,45.1947664000,-93.5344640000
803,45.1797472000,-93.5415640000
804,45.1711909000,-93.6036070000
805,45.1418675000,-93.5787500000
806,45.1134562000,-93.5844580000
807,45.0801925000,-93.5854810000
808,45.0995217000,-93.6888070000
809,44.9494387000,-93.1050440000
810,44.9483380000,-93.1001310000
811,44.9509529000,-93.0948330000
812,44.9524211000,-93.0906110000
813,44.9506883000,-93.0807890000
814,44.9456134000,-93.0865970000
815,44.9490168000,-93.0881910000
816,44.9466531000,-93.0934860000
817,44.9423063000,-93.0978170000
818,44.9451145000,-93.0983670000
819,44.9423621000,-93.0812070000
820,44.9404996000,-93.0873330000
821,44.9366773000,-93.0954400000
822,44.9272288000,-93.0908170000
823,44.9356129000,-93.0832850000
824,44.9338997000,-93.0763050000
825,44.9241397000,-93.0744650000
826,44.9334374000,-93.0627120000
827,44.9294870000,-93.0405720000
828,44.9072756000,-93.0239360000
829,44.9022831000,-92.9975070000
830,44.9235376000,-93.0111310000
831,44.9371646000,-93.0155500000
832,44.9419221000,-93.0302000000
833,44.9474726000,-93.0200450000
834,44.9474911000,-93.0102250000
835,44.9570297000,-93.0099770000
836,44.9572554000,-93.0202400000
837,44.9488776000,-93.0319990000
838,44.9488059000,-93.0593390000
839,44.9597560000,-93.0348010000
840,44.9606053000,-93.0495630000
841,44.9575056000,-93.0626900000
842,44.9607414000,-93.0713540000
843,44.9569625000,-93.0860000000
844,44.9615293000,-93.0792280000
845,44.9705777000,-93.0817810000
846,44.9714615000,-93.0696800000
847,44.9719278000,-93.0608770000
848,44.9648905000,-93.0624050000
849,44.9730800000,-93.0513360000
850,44.9722512000,-93.0352330000
851,44.9702856000,-93.0143950000
852,44.9844466000,-93.0160000000
853,44.9840943000,-93.0310790000
854,44.9859874000,-93.0442480000
855,44.9839617000,-93.0584650000
856,44.9846840000,-93.0697920000
857,44.9846126000,-93.0812770000
858,44.9844175000,-93.0973110000
859,44.9704261000,-93.0977550000
860,44.9595520000,-93.1019650000
861,44.9602267000,-93.0946360000
862,44.9535298000,-93.1007520000
863,44.9558036000,-93.0933460000
864,44.9464956000,-93.1169350000
865,44.9534167000,-93.1151310000
866,44.9602538000,-93.1165830000
867,44.9710670000,-93.1156950000
868,44.9846181000,-93.1160080000
869,44.9836633000,-93.1343870000
870,44.9827304000,-93.1561710000
871,44.9710540000,-93.1557530000
872,44.9658726000,-93.1575830000
873,44.9719970000,-93.1383410000
874,44.9609971000,-93.1366500000
875,44.9592905000,-93.1567440000
876,44.9536596000,-93.1567000000
877,44.9536786000,-93.1364890000
878,44.9465199000,-93.1363880000
879,44.9454512000,-93.1537690000
880,44.9397615000,-93.1598840000
881,44.9369389000,-93.1341960000
882,44.9435014000,-93.1066590000
883,44.9385017000,-93.1040600000
884,44.9374719000,-93.1166930000
885,44.9308965000,-93.1143600000
886,44.9238854000,-93.1103200000
887,44.9300478000,-93.1314390000
888,44.9231017000,-93.1391680000
889,44.9169873000,-93.1336510000
890,44.9065974000,-93.1472790000
891,44.9177929000,-93.1568840000
892,44.9303481000,-93.1561280000
893,44.9305621000,-93.1720360000
894,44.9224318000,-93.1720270000
895,44.9092149000,-93.1720700000
896,44.8971473000,-93.1640210000
897,44.9066720000,-93.1823660000
898,44.9097039000,-93.1927540000
899,44.9259593000,-93.1963280000
900,44.9224281000,-93.1847660000
901,44.9306047000,-93.1847470000
902,44.9414370000,-93.1964400000
903,44.9378958000,-93.1847450000
904,44.9378689000,-93.1720270000
905,44.9465627000,-93.1719900000
906,44.9477716000,-93.1851910000
907,44.9541774000,-93.1998660000
908,44.9552129000,-93.1799520000
909,44.9638669000,-93.1758080000
910,44.9608940000,-93.1966990000
911,44.9674178000,-93.2050370000
912,44.9672825000,-93.1928660000
913,44.9742225000,-93.1791110000
914,44.9794101000,-93.1982420000
915,44.9824890000,-93.2055010000
916,44.9865262000,-93.1939360000
917,44.9843551000,-93.1771900000
918,44.9221368000,-92.9949480000
919,44.9363204000,-92.9935440000
920,44.9452505000,-92.9951550000
921,44.9562175000,-92.9944950000
922,44.9677641000,-92.9933070000
923,44.9779261000,-92.9949650000
924,44.9916297000,-92.9956040000
925,44.9963565000,-93.0122870000
926,45.0049276000,-93.0162880000
927,45.0163249000,-93.0124110000
928,45.0055481000,-93.0350990000
929,45.0283716000,-92.9950090000
930,45.0287967000,-93.0114730000
931,45.0325851000,-93.0214060000
932,45.0324478000,-93.0350200000
933,45.0243402000,-93.0333370000
934,45.0163587000,-93.0275270000
935,45.0161421000,-93.0439160000
936,45.0041572000,-93.0537300000
937,44.9954415000,-93.0447180000
938,45.0055834000,-93.0672310000
939,44.9955154000,-93.0776660000
940,44.9954398000,-93.0975830000
941,45.0040546000,-93.0972100000
942,45.0046788000,-93.0830340000
943,45.0158616000,-93.0649420000
944,45.0292602000,-93.0671120000
945,45.0176011000,-92.9967800000
946,45.0122995000,-92.9960560000
947,45.0099657000,-92.9905320000
948,45.0029529000,-92.9946160000
949,45.0002026000,-93.1162830000
950,45.0145917000,-93.1157810000
951,45.0274379000,-93.1195560000
952,45.0296862000,-93.1390250000
953,45.0280974000,-93.1523340000
954,45.0153608000,-93.1361350000
955,45.0010270000,-93.1363460000
956,45.0012075000,-93.1515450000
957,45.0083377000,-93.1616300000
958,45.0082566000,-93.1716400000
959,45.0125814000,-93.1719110000
960,45.0118949000,-93.1618010000
961,45.0155297000,-93.1517430000
962,45.0171129000,-93.1619260000
963,45.0278046000,-93.1618300000
964,45.0288075000,-93.1717790000
965,45.0179718000,-93.1719990000
966,45.0284304000,-93.1839950000
967,45.0157371000,-93.1823450000
968,45.0320122000,-93.2041000000
969,45.0149670000,-93.1984430000
970,45.0279166000,-93.1970300000
971,45.0008170000,-93.1969050000
972,45.0010044000,-93.1820160000
973,44.9990457000,-93.1717700000
974,44.9990230000,-93.1616270000
975,45.0155341000,-93.0978160000
976,45.0157360000,-93.0830240000
977,45.0316060000,-93.0987100000
978,45.0502813000,-93.0920250000
979,45.0435211000,-93.0271410000
980,45.0432985000,-93.0104590000
981,45.0431766000,-92.9998920000
982,45.0426208000,-92.9896400000
983,45.0575086000,-92.9896740000
984,45.0574337000,-92.9999240000
985,45.0573931000,-93.0101520000
986,45.0563844000,-93.0232170000
987,45.0699600000,-93.0032010000
988,45.0849424000,-92.9972000000
989,45.1097958000,-92.9933150000
990,45.0909172000,-93.0108140000
991,45.0858738000,-93.0337230000
992,45.0657793000,-93.0397990000
993,45.1103495000,-93.0080290000
994,45.1135507000,-93.0348130000
995,45.0978107000,-93.0394810000
996,45.0439378000,-93.0499910000
997,45.0534056000,-93.0703630000
998,45.0720121000,-93.0798410000
999,45.0995612000,-93.0872980000
1000,45.0424731000,-93.1526260000
1001,45.0557355000,-93.1522140000
1002,45.0702359000,-93.1520370000
1003,45.0942815000,-93.1668500000
1004,45.0744878000,-93.1785100000
1005,45.0728118000,-93.1636280000
1006,45.0621637000,-93.1781350000
1007,45.0583155000,-93.1628360000
1008,45.0459131000,-93.1744540000
1009,45.0413002000,-93.1303180000
1010,45.0480716000,-93.1219910000
1011,45.0542554000,-93.1401880000
1012,45.0598709000,-93.1170650000
1013,45.0612662000,-93.1385560000
1014,45.0724799000,-93.1329510000
1015,45.0728222000,-93.1102530000
1016,45.0924657000,-93.1352370000
1017,45.1152181000,-93.1703130000
1018,45.1173745000,-93.1418620000
1019,45.1176857000,-93.1116520000
1020,45.1208485000,-93.1976460000
1021,45.1154406000,-93.2094930000
1022,45.1058101000,-93.2188780000
1023,45.0969529000,-93.2180910000
1024,45.0936770000,-93.1981090000
1025,45.1026200000,-93.1964440000
1026,45.0903589000,-93.2162960000
1027,45.0860641000,-93.2231180000
1028,45.0734621000,-93.2228510000
1029,45.0741573000,-93.2105020000
1030,45.0798016000,-93.1965050000
1031,45.0594432000,-93.1927160000
1032,45.0449655000,-93.1940140000
1033,45.0575450000,-93.2081380000
1034,45.0548245000,-93.2225670000
1035,45.0430143000,-93.2080770000
1036,45.0402995000,-93.2223660000
1037,44.5873198000,-93.3389280000
1038,44.5871756000,-93.4609190000
1039,44.5894613000,-93.5836790000
1040,44.5844559000,-93.7125080000
1041,44.5812122000,-93.8374800000
1042,44.6230096000,-93.7652490000
1043,44.6555641000,-93.6841780000
1044,44.6675223000,-93.6319470000
1045,44.6527801000,-93.5747430000
1046,44.6954362000,-93.5664220000
1047,44.6723717000,-93.4817560000
1048,44.6525745000,-93.4197460000
1049,44.6526591000,-93.3579390000
1050,44.6881033000,-93.4180430000
1051,44.6954929000,-93.3595590000
1052,44.7117326000,-93.4121500000
1053,44.7281488000,-93.4102710000
1054,44.7521505000,-93.4215560000
1055,44.7509663000,-93.4592430000
1056,44.7074876000,-93.4434760000
1057,44.7000715000,-93.6156980000
1058,44.7432764000,-93.6047030000
1059,44.7459102000,-93.5628750000
1060,44.7448745000,-93.5202940000
1061,44.7715388000,-93.4858270000
1062,44.7861104000,-93.5678130000
1063,44.7821597000,-93.5490440000
1064,44.7823882000,-93.5237760000
1065,44.7923817000,-93.5366140000
1066,44.7940374000,-93.5165480000
1067,44.8034442000,-93.5006360000
1068,44.7846126000,-93.4971960000
1069,44.7938560000,-93.4866270000
1070,44.7695715000,-93.4341260000
1071,44.7895808000,-93.4406630000
1072,44.8004612000,-93.4290190000
1073,44.7855578000,-93.3673330000
1074,44.7639846000,-93.3892250000
1075,44.7716257000,-93.3563920000
1076,44.7552201000,-93.3638810000
1077,44.7300420000,-93.3817240000
1078,44.7386623000,-93.3497020000
1079,44.8121540000,-92.8215390000
1080,44.8477396000,-92.8830770000
1081,44.8107894000,-92.8823090000
1082,44.8206158000,-92.9158760000
1083,44.8406365000,-92.9135320000
1084,44.8549218000,-92.9239230000
1085,44.8550431000,-92.9643190000
1086,44.8415809000,-92.9625680000
1087,44.8271852000,-92.9401100000
1088,44.7877896000,-92.9126190000
1089,44.7935755000,-92.9867770000
1090,44.8149079000,-92.9519540000
1091,44.8428151000,-92.9849730000
1092,44.8430269000,-93.0021070000
1093,44.8610444000,-93.0028790000
1094,44.8755433000,-93.0076350000
1095,44.8874166000,-93.0115370000
1096,44.8749853000,-92.9910080000
1097,44.8760350000,-92.9633410000
1098,44.8764056000,-92.9235740000
1099,44.8765004000,-92.8828480000
1100,44.9054653000,-92.8829750000
1101,44.9012810000,-92.9359680000
1102,44.8983136000,-92.9540190000
1103,44.9020864000,-92.9736570000
1104,44.9174229000,-92.9717250000
1105,44.9218094000,-92.9789140000
1106,44.9384497000,-92.9724680000
1107,44.9298307000,-92.9593450000
1108,44.9427959000,-92.9468980000
1109,44.9435619000,-92.9182710000
1110,44.9341687000,-92.8835010000
1111,44.9280794000,-92.8320010000
1112,44.9211961000,-92.7669990000
1113,44.9497456000,-92.7681030000
1114,44.9562413000,-92.8300970000
1115,44.9851698000,-92.8736810000
1116,44.9799499000,-92.9147790000
1117,44.9561280000,-92.8829140000
1118,44.9561217000,-92.9186250000
1119,44.9559481000,-92.9461310000
1120,44.9809120000,-92.9518010000
1121,44.9560411000,-92.9715470000
1122,44.9732990000,-92.9706880000
1123,44.9898609000,-92.9739290000
1124,45.0021809000,-92.9713840000
1125,45.0165025000,-92.9704890000
1126,45.0287968000,-92.9765930000
1127,45.0086183000,-92.9515830000
1128,45.0238956000,-92.9302060000
1129,45.0081448000,-92.8997230000
1130,45.0212052000,-92.8330060000
1131,45.0166954000,-92.7768190000
1132,45.0321827000,-92.7901430000
1133,45.0488291000,-92.7967870000
1134,45.0437404000,-92.8020650000
1135,45.0452597000,-92.8134540000
1136,45.0394461000,-92.8319390000
1137,45.0477278000,-92.8273770000
1138,45.0483758000,-92.8484890000
1139,45.0678555000,-92.8425200000
1140,45.0662770000,-92.8130040000
1141,45.0705769000,-92.8023670000
1142,45.0702832000,-92.9064450000
1143,45.0467194000,-92.9035340000
1144,45.0855565000,-92.9693800000
1145,45.0695897000,-92.9560880000
1146,45.0618623000,-92.9759220000
1147,45.0423164000,-92.9739800000
1148,45.0447571000,-92.9547600000
1149,45.1079210000,-92.9634160000
1150,45.1029280000,-92.9023580000
1151,45.1002644000,-92.8372790000
1152,45.1632172000,-92.8300570000
1153,45.1758991000,-92.9393580000
1154,45.1359067000,-92.9576080000
1155,45.1442398000,-93.0092000000
1156,45.1878358000,-93.0021300000
1157,45.1983954000,-92.7783940000
1158,45.2539838000,-92.8279720000
1159,45.2764928000,-92.9288730000
1160,45.2344353000,-92.9415380000
1161,45.2314052000,-93.0006780000
1162,45.2808323000,-93.0122520000
1163,45.2736204000,-92.9951320000
1164,45.2878100000,-92.9937530000
1165,45.2748188000,-92.9730280000
1166,45.1359570000,-93.0849880000
1167,45.1937340000,-93.1232530000
1168,44.6720110000,-93.7316010000
1169,44.7033600000,-93.7271510000
1170,44.7116778000,-93.6507700000
1171,44.8756674000,-93.7268940000
1172,44.8299506000,-93.6998450000
1173,44.6778146000,-93.1667280000
1174,44.7006932000,-93.2486310000
1175,45.2195478000,-93.5373970000
1176,45.2117137000,-93.5652560000
1177,45.1957596000,-93.5833400000
1178,44.5515062000,-93.5785150000
1179,44.7381488000,-93.4184270000
1180,44.7292882000,-93.4613570000
1181,44.7492134000,-93.4902050000
1182,44.7569223000,-93.3391710000
1183,44.7241600000,-93.3501940000
1184,44.8409028000,-92.9363060000
1185,44.8209181000,-92.9749630000
1186,44.8972765000,-92.9167760000
1187,44.9120114000,-92.9169180000
1188,44.9146454000,-92.9548870000
1189,44.9152654000,-92.9397790000
1190,44.9291864000,-92.9435310000
1191,44.9304799000,-92.9274200000
1192,44.9282103000,-92.9136200000
1193,44.8834025000,-92.8376700000
1194,44.8980041000,-92.7900900000
1195,44.9854865000,-92.8425120000
1196,44.9862701000,-92.7977490000
1197,45.0284841000,-92.8792800000
1198,45.1053748000,-92.7836940000
1199,45.2602031000,-93.0002630000
1200,45.2909650000,-92.9790470000
1201,45.1013485000,-93.4156110000
